-- MySQL Script generated by MySQL Workbench
-- Thu Nov 19 09:02:07 2020
-- Model: New Model    Version: 1.0
-- MySQL Workbench Forward Engineering

SET @OLD_UNIQUE_CHECKS=@@UNIQUE_CHECKS, UNIQUE_CHECKS=0;
SET @OLD_FOREIGN_KEY_CHECKS=@@FOREIGN_KEY_CHECKS, FOREIGN_KEY_CHECKS=0;
SET @OLD_SQL_MODE=@@SQL_MODE, SQL_MODE='ONLY_FULL_GROUP_BY,STRICT_TRANS_TABLES,NO_ZERO_IN_DATE,NO_ZERO_DATE,ERROR_FOR_DIVISION_BY_ZERO,NO_ENGINE_SUBSTITUTION';
SET time_zone = "+00:00";
-- -----------------------------------------------------
-- Schema mydb
-- -----------------------------------------------------

-- -----------------------------------------------------
-- Schema mydb
-- -----------------------------------------------------
DROP SCHEMA IF EXISTS `zaklad_transportowy`;
CREATE SCHEMA `zaklad_transportowy` DEFAULT CHARACTER SET UTF8MB4 ;
USE `zaklad_transportowy` ;

-- -----------------------------------------------------
-- Table `zaklad_transportowy`.`Pojazd`
-- -----------------------------------------------------
DROP TABLE IF EXISTS `zaklad_transportowy`.`Pojazd`;
CREATE TABLE IF NOT EXISTS `zaklad_transportowy`.`Pojazd` (
  `idPojazd` INT NOT NULL AUTO_INCREMENT,
  `NUMER_REJESTRACYJNY` VARCHAR(10) CHARACTER SET 'utf8' COLLATE 'utf8_polish_ci' NOT NULL UNIQUE,
  `RODZAJ` ENUM('BUS', 'TIR', 'CIĘŻARÓWKA', 'CYSTERNA', 'OSOBÓWKA') CHARACTER SET 'utf8' COLLATE 'utf8_polish_ci' NOT NULL,
  `DATA_OSTATNIEGO_PRZEGLADU` DATETIME NOT NULL,
  `STAN_TECHNICZNY` ENUM('SPRAWNY', 'POTRZEBNY PRZEGLAD', 'W NAPRAWIE', 'DO NAPRAWY') CHARACTER SET 'utf8' COLLATE 'utf8_polish_ci' NOT NULL,
  PRIMARY KEY (`idPojazd`),
  UNIQUE INDEX `NUMER_REJESTRACYJNY_UNIQUE` (`NUMER_REJESTRACYJNY` ASC))
ENGINE = InnoDB
DEFAULT CHARACTER SET = utf8
COLLATE = utf8_polish_ci;

-- -----------------------------------------------------
-- Table `zaklad_transportowy`.`Kontakt`
-- -----------------------------------------------------
DROP TABLE IF EXISTS `zaklad_transportowy`.`Kontakt`;
CREATE TABLE IF NOT EXISTS `zaklad_transportowy`.`Kontakt` (
  `idKontakt` INT NOT NULL AUTO_INCREMENT,
  `NUMER_TELEFONU` VARCHAR(20) CHARACTER SET 'utf8' COLLATE 'utf8_polish_ci' NOT NULL UNIQUE,
  `EMAIL` VARCHAR(45) CHARACTER SET 'utf8' COLLATE 'utf8_polish_ci' NULL UNIQUE,
  PRIMARY KEY (`idKontakt`),
  UNIQUE INDEX `NUMER_TELEFONU_UNIQUE` (`NUMER_TELEFONU` ASC),
  UNIQUE INDEX `EMAIL_UNIQUE` (`EMAIL` ASC))
ENGINE = InnoDB
DEFAULT CHARACTER SET = utf8
COLLATE = utf8_polish_ci;

-- -----------------------------------------------------
-- Table `zaklad_transportowy`.`Klient`
-- -----------------------------------------------------
DROP TABLE IF EXISTS `zaklad_transportowy`.`Klient`;
CREATE TABLE IF NOT EXISTS `zaklad_transportowy`.`Klient` (
  `idKlient` INT NOT NULL AUTO_INCREMENT,
  `idKontakt` INT NOT NULL,
  `IMIE` VARCHAR(20) CHARACTER SET 'utf8' COLLATE 'utf8_polish_ci' NOT NULL,
  `NAZWISKO` VARCHAR(20) CHARACTER SET 'utf8' COLLATE 'utf8_polish_ci' NOT NULL,
  `LOGIN` VARCHAR(20) CHARACTER SET 'utf8' COLLATE 'utf8_polish_ci' NOT NULL UNIQUE,
  `HASLO` VARCHAR(20) CHARACTER SET 'utf8' COLLATE 'utf8_polish_ci' NOT NULL,
  `OSTATNIE_LOGOWANIE` DATETIME NULL,
  `RODZAJ_KLIENTA` ENUM('OSOBA FIZYCZNA', 'FIRMA') CHARACTER SET 'utf8' COLLATE 'utf8_polish_ci' NOT NULL,
  `NAZWA_FIRMY` VARCHAR(45) CHARACTER SET 'utf8' COLLATE 'utf8_polish_ci' NULL UNIQUE,
  `NIP` VARCHAR(10) CHARACTER SET 'utf8' COLLATE 'utf8_polish_ci' NULL UNIQUE,
  PRIMARY KEY (`idKlient`),
  INDEX `fk_Klient_Kontakt1_idx` (`idKontakt` ASC),
  UNIQUE INDEX `NIP_UNIQUE` (`NIP` ASC),
  CONSTRAINT `fk_Klient_Kontakt1`
    FOREIGN KEY (`idKontakt`)
    REFERENCES `zaklad_transportowy`.`Kontakt` (`idKontakt`)
    ON DELETE CASCADE
    ON UPDATE CASCADE)
ENGINE = InnoDB
DEFAULT CHARACTER SET = utf8
COLLATE = utf8_polish_ci;


-- -----------------------------------------------------
-- Table `zaklad_transportowy`.`Pracownik`
-- -----------------------------------------------------
DROP TABLE IF EXISTS `zaklad_transportowy`.`Pracownik`;
CREATE TABLE IF NOT EXISTS `zaklad_transportowy`.`Pracownik` (
  `idPracownik` INT NOT NULL AUTO_INCREMENT,
  `idKontakt` INT NOT NULL,
  `idKierownik` INT,
  `IMIE` VARCHAR(20) CHARACTER SET 'utf8' COLLATE 'utf8_polish_ci' NOT NULL,
  `NAZWISKO` VARCHAR(20) CHARACTER SET 'utf8' COLLATE 'utf8_polish_ci' NOT NULL,
  `LOGIN` VARCHAR(20) CHARACTER SET 'utf8' COLLATE 'utf8_polish_ci' NOT NULL UNIQUE,
  `HASLO` VARCHAR(20) CHARACTER SET 'utf8' COLLATE 'utf8_polish_ci' NOT NULL,
  `UPRAWNIENIA` ENUM('ADMINISTRATOR', 'WLASCICIEL', 'KIEROWNIK', 'MECHANIK', 'KIEROWCA') CHARACTER SET 'utf8' COLLATE 'utf8_polish_ci' NOT NULL,
  `PENSJA` INT NOT NULL,
  `DATA_ZATRUDNIENIA` DATETIME NOT NULL,
  PRIMARY KEY (`idPracownik`),
  INDEX `fk_Pracownik_Kontakt1_idx` (`idKontakt` ASC),
  INDEX `fk_Pracownik_Pracownik1_idx` (`idKierownik` ASC),
  UNIQUE INDEX `LOGIN_UNIQUE` (`LOGIN` ASC),
  UNIQUE INDEX `HASLO_UNIQUE` (`HASLO` ASC),
  CONSTRAINT `fk_Pracownik_Kontakt1`
    FOREIGN KEY (`idKontakt`)
    REFERENCES `zaklad_transportowy`.`Kontakt` (`idKontakt`)
    ON DELETE CASCADE
    ON UPDATE CASCADE,
  CONSTRAINT `fk_Pracownik_Pracownik1`
    FOREIGN KEY (`idKierownik`)
    REFERENCES `zaklad_transportowy`.`Pracownik` (`idPracownik`)
    ON DELETE SET NULL
    ON UPDATE CASCADE)
ENGINE = InnoDB
DEFAULT CHARACTER SET = utf8
COLLATE = utf8_polish_ci;

-- -----------------------------------------------------
-- Table `zaklad_transportowy`.`Zamowienie`
-- -----------------------------------------------------
DROP TABLE IF EXISTS `zaklad_transportowy`.`Zamowienie`;
CREATE TABLE IF NOT EXISTS `zaklad_transportowy`.`Zamowienie` (
  `idZamowienie` INT NOT NULL AUTO_INCREMENT,
  `idKlient` INT,
  `idPojazd` INT NOT NULL,
  `STATUS` ENUM("ZLOZONO", 'W TRAKCIE', 'ZREALIZOWANO') CHARACTER SET 'utf8' COLLATE 'utf8_polish_ci' NOT NULL,
  `DATA_ZLOZENIA` DATE NOT NULL,
  `DATA_REALIZACJI` DATE NOT NULL,
  `CENA` DECIMAL(10,2) NOT NULL,
  `CZY_ZAPLACONO` CHAR(3) CHARACTER SET 'utf8' COLLATE 'utf8_polish_ci' NOT NULL,
  PRIMARY KEY (`idZamowienie`),
  INDEX `fk_Zamowienie_Klient1_idx` (`idKlient` ASC),
  INDEX `fk_Zamowienie_Pojazd1_idx` (`idPojazd` ASC),
  CONSTRAINT `fk_Zamowienie_Klient1`
    FOREIGN KEY (`idKlient`)
    REFERENCES `zaklad_transportowy`.`Klient` (`idKlient`)
    ON DELETE SET NULL
    ON UPDATE CASCADE,
  CONSTRAINT `fk_Zamowienie_Pojazd1`
    FOREIGN KEY (`idPojazd`)
    REFERENCES `zaklad_transportowy`.`Pojazd` (`idPojazd`)
    ON DELETE NO ACTION
    ON UPDATE NO ACTION)
ENGINE = InnoDB
DEFAULT CHARACTER SET = utf8
COLLATE = utf8_polish_ci;
-- -----------------------------------------------------
-- Table `zaklad_transportowy`.`Rozliczenie`
-- -----------------------------------------------------
DROP TABLE IF EXISTS `zaklad_transportowy`.`Rozliczenie`;
CREATE TABLE IF NOT EXISTS `zaklad_transportowy`.`Rozliczenie` (
  `idRozliczenie` INT NOT NULL AUTO_INCREMENT,
  `idZamowienie` INT NOT NULL,
  `FORMA_ROZLICZENIA` ENUM('PARAGON', 'FAKTURA') CHARACTER SET 'utf8' COLLATE 'utf8_polish_ci' NOT NULL,
  `FORMA_PLATNOSCI` ENUM('PRZELEW', 'GOTOWKA', 'KARTA PLATNICZA') CHARACTER SET 'utf8' COLLATE 'utf8_polish_ci' NOT NULL,
  `DATA_ROZLICZENIA` DATE NOT NULL,
  `BRUTTO` DECIMAL(10,2) NOT NULL, 
  `NETTO` DECIMAL(10,2) NOT NULL,
  `VAT` DECIMAL(10,2) NOT NULL,
  PRIMARY KEY (`idRozliczenie`),
  INDEX `fk_Rozliczenie_Zamowienie1_idx` (`idZamowienie` ASC),
  CONSTRAINT `fk_Rozliczenie_Zamowienie1`
    FOREIGN KEY (`idZamowienie`)
    REFERENCES `zaklad_transportowy`.`Zamowienie` (`idZamowienie`)
    ON DELETE CASCADE
    ON UPDATE CASCADE)
ENGINE = InnoDB
DEFAULT CHARACTER SET = utf8
COLLATE = utf8_polish_ci;
-- -----------------------------------------------------
-- Table `zaklad_transportowy`.`Raport`
-- -----------------------------------------------------
DROP TABLE IF EXISTS `zaklad_transportowy`.`Raport`;
CREATE TABLE IF NOT EXISTS `zaklad_transportowy`.`Raport` (
  `idRaport` INT NOT NULL AUTO_INCREMENT,
  `idPracownik` INT,
  `idZamowienie` INT NOT NULL,
  PRIMARY KEY (`idRaport`),
  INDEX `fk_Raport_Pracownik1_idx` (`idPracownik` ASC),
  INDEX `fk_Raport_Zamowienie1_idx` (`idZamowienie` ASC),
  CONSTRAINT `fk_Raport_Pracownik1`
    FOREIGN KEY (`idPracownik`)
    REFERENCES `zaklad_transportowy`.`Pracownik` (`idPracownik`)
    ON DELETE SET NULL
    ON UPDATE NO ACTION,
  CONSTRAINT `fk_Raport_Zamowienie1`
    FOREIGN KEY (`idZamowienie`)
    REFERENCES `zaklad_transportowy`.`Zamowienie` (`idZamowienie`)
    ON DELETE CASCADE
    ON UPDATE CASCADE)
ENGINE = InnoDB
DEFAULT CHARACTER SET = utf8
COLLATE = utf8_polish_ci;


-- -----------------------------------------------------
-- Table `zaklad_transportowy`.`Pracownik_Pojazd`
-- -----------------------------------------------------
DROP TABLE IF EXISTS `zaklad_transportowy`.`Pracownik_Pojazd`;
CREATE TABLE IF NOT EXISTS `zaklad_transportowy`.`Pracownik_Pojazd` (
  `idPracownik_Pojazd` INT NOT NULL AUTO_INCREMENT,
  `idPojazd` INT NOT NULL,
  `idPracownik` INT NOT NULL,
  PRIMARY KEY (`idPracownik_Pojazd`),
  INDEX `fk_Pracownik_Pojazd_Pojazd1_idx` (`idPojazd` ASC),
  INDEX `fk_Pracownik_Pojazd_Pracownik1_idx` (`idPracownik` ASC),
  CONSTRAINT `fk_Pracownik_Pojazd_Pojazd1`
    FOREIGN KEY (`idPojazd`)
    REFERENCES `zaklad_transportowy`.`Pojazd` (`idPojazd`)
    ON DELETE CASCADE
    ON UPDATE CASCADE,
  CONSTRAINT `fk_Pracownik_Pojazd_Pracownik1`
    FOREIGN KEY (`idPracownik`)
    REFERENCES `zaklad_transportowy`.`Pracownik` (`idPracownik`)
    ON DELETE CASCADE
    ON UPDATE CASCADE)
ENGINE = InnoDB;

USE `zaklad_transportowy` ;

-- -----------------------------------------------------
-- Placeholder table for view `zaklad_transportowy`.`Zamowienie`
-- -----------------------------------------------------
CREATE TABLE IF NOT EXISTS `zaklad_transportowy`.`Zamowienie` (`idZamowienie` INT, `IMIE` INT, `NAZWISKO` INT, `NUMER_TELEFONU` INT, `DATA_ZLOZENIA` INT, `DATA_REALIZACJI` INT, `CENA` INT, `CZY_ZAPLACONO` INT, `RODZAJ` INT, `NUMER_REJESTRACYJNY` INT);

-- -----------------------------------------------------
-- Placeholder table for view `zaklad_transportowy`.`Klient`
-- -----------------------------------------------------
CREATE TABLE IF NOT EXISTS `zaklad_transportowy`.`Klient` (`idKlient` INT, `IMIE` INT, `NAZWISKO` INT, `RODZAJ_KLIENTA` INT, `NUMER_TELEFONU` INT);

-- -----------------------------------------------------
-- Placeholder table for view `zaklad_transportowy`.`Pracownik`
-- -----------------------------------------------------
CREATE TABLE IF NOT EXISTS `zaklad_transportowy`.`Pracownik` (`idPracownik` INT, `IMIE` INT, `NAZWISKO` INT, `UPRAWNIENIE` INT, `DATA_ZATRUDNIENIA` INT, `PENSJA` INT);
SET GLOBAL log_bin_trust_function_creators = 1;
SET SQL_MODE=@OLD_SQL_MODE;
SET FOREIGN_KEY_CHECKS=@OLD_FOREIGN_KEY_CHECKS;
SET UNIQUE_CHECKS=@OLD_UNIQUE_CHECKS;
-- -----------------------------------------------------
-- `Funkcja dochod`
-- -----------------------------------------------------
DROP FUNCTION IF EXISTS `dochod`;
delimiter //
CREATE FUNCTION dochod() RETURNS DECIMAL(10,2)
	BEGIN
	RETURN (SELECT SUM(NETTO) FROM Rozliczenie);
	END
	//
-- -----------------------------------------------------
-- `Funkcja dochod_dnia`
-- -----------------------------------------------------
DROP FUNCTION IF EXISTS `dochod_dnia`;
delimiter //
CREATE FUNCTION dochod_dnia(dzien DATE) RETURNS DECIMAL(10,2)
	BEGIN
	RETURN (SELECT SUM(NETTO) FROM Rozliczenie WHERE DATA_ROZLICZENIA = dzien);
	END
	// 
-- -----------------------------------------------------
-- `Funkcja dochod_z_okresu_czasu`
-- -----------------------------------------------------
DROP FUNCTION IF EXISTS `dochod_z_okresu_czasu`;
delimiter //
CREATE FUNCTION dochod_z_okresu_czasu(odDnia DATE, doDnia DATE) RETURNS DECIMAL(10,2)
	BEGIN
	RETURN (SELECT SUM(NETTO) FROM Rozliczenie WHERE DATA_ROZLICZENIA >= odDnia and DATA_ROZLICZENIA <= doDnia);
	END
	//
-- -----------------------------------------------------
-- `Funkcja srednie_zarobki`
-- -----------------------------------------------------
DROP FUNCTION IF EXISTS `srednie_zarobki`;
delimiter //
CREATE FUNCTION srednie_zarobki() RETURNS INT
	BEGIN
    DECLARE zarobki INT;
    SET zarobki = (SELECT AVG(pensja) FROM Pracownik);
	RETURN zarobki;
	END
    //    
-- -----------------------------------------------------
-- `Funkcja vat`
-- -----------------------------------------------------
DROP FUNCTION IF EXISTS `vat`;
delimiter //
CREATE FUNCTION vat(cena DECIMAL(10,2)) RETURNS DECIMAL(10,2)
	BEGIN
	RETURN 0.23 * cena;
	END
    //
-- -----------------------------------------------------
-- `Funkcja vat_z_okresu_czasu`
-- -----------------------------------------------------
DROP FUNCTION IF EXISTS `vat_z_okresu_czasu`;
delimiter //
CREATE FUNCTION vat_z_okresu_czasu(odDnia DATE, doDnia DATE) RETURNS DECIMAL(10,2)
	BEGIN
	RETURN (SELECT SUM(VAT) FROM Rozliczenie WHERE DATA_ROZLICZENIA >= odDnia and DATA_ROZLICZENIA <= doDnia);
	END
    //
-- -----------------------------------------------------
-- `Funkcja netto`
-- -----------------------------------------------------
DROP FUNCTION IF EXISTS `netto`;
delimiter //
CREATE FUNCTION netto(cena DECIMAL(10,2)) RETURNS DECIMAL(10,2)
	BEGIN
	RETURN 0.77 * cena;
	END
    // 
    
delimiter ;
-- -----------------------------------------------------
-- Data for table `zaklad_transportowy`.`Pojazd`
-- -----------------------------------------------------
START TRANSACTION;
USE `zaklad_transportowy`;
INSERT INTO `zaklad_transportowy`.`Pojazd` (`idPojazd`, `NUMER_REJESTRACYJNY`, `RODZAJ`, `DATA_OSTATNIEGO_PRZEGLADU`, `STAN_TECHNICZNY`) VALUES (1, 'DBL 45TA', 'BUS', '20.09.2020', 'SPRAWNY');
INSERT INTO `zaklad_transportowy`.`Pojazd` (`idPojazd`, `NUMER_REJESTRACYJNY`, `RODZAJ`, `DATA_OSTATNIEGO_PRZEGLADU`, `STAN_TECHNICZNY`) VALUES (2, 'DBL 12PO', 'BUS', '21.03.2017', 'POTRZEBNY PRZEGLAD');
INSERT INTO `zaklad_transportowy`.`Pojazd` (`idPojazd`, `NUMER_REJESTRACYJNY`, `RODZAJ`, `DATA_OSTATNIEGO_PRZEGLADU`, `STAN_TECHNICZNY`) VALUES (3, 'DBL 12IO', 'CIĘŻARÓWKA', '31.12.2018', 'W NAPRAWIE');
INSERT INTO `zaklad_transportowy`.`Pojazd` (`idPojazd`, `NUMER_REJESTRACYJNY`, `RODZAJ`, `DATA_OSTATNIEGO_PRZEGLADU`, `STAN_TECHNICZNY`) VALUES (4, 'DBL 99BD', 'CYSTERNA', '12.05.2020', 'SPRAWNY');
INSERT INTO `zaklad_transportowy`.`Pojazd` (`idPojazd`, `NUMER_REJESTRACYJNY`, `RODZAJ`, `DATA_OSTATNIEGO_PRZEGLADU`, `STAN_TECHNICZNY`) VALUES (5, 'DBL 98AM', 'OSOBÓWKA', '13.06.2017', 'POTRZEBNY PRZEGLAD');
INSERT INTO `zaklad_transportowy`.`Pojazd` (`idPojazd`, `NUMER_REJESTRACYJNY`, `RODZAJ`, `DATA_OSTATNIEGO_PRZEGLADU`, `STAN_TECHNICZNY`) VALUES (6, 'DBL 209A', 'TIR', '12.09.2020', 'SPRAWNY');
INSERT INTO `zaklad_transportowy`.`Pojazd` (`idPojazd`, `NUMER_REJESTRACYJNY`, `RODZAJ`, `DATA_OSTATNIEGO_PRZEGLADU`, `STAN_TECHNICZNY`) VALUES (7, 'DBL GL12', 'TIR', '10.10.2019', 'SPRAWNY');
INSERT INTO `zaklad_transportowy`.`Pojazd` (`idPojazd`, `NUMER_REJESTRACYJNY`, `RODZAJ`, `DATA_OSTATNIEGO_PRZEGLADU`, `STAN_TECHNICZNY`) VALUES (8, 'DBL 1092', 'TIR', '23.12.2019', 'DO NAPRAWY');
INSERT INTO `zaklad_transportowy`.`Pojazd` (`idPojazd`, `NUMER_REJESTRACYJNY`, `RODZAJ`, `DATA_OSTATNIEGO_PRZEGLADU`, `STAN_TECHNICZNY`) VALUES (9, 'DBL 10AJ', 'OSOBÓWKA', '10.01.2020', 'SPRAWNY');
INSERT INTO `zaklad_transportowy`.`Pojazd` (`idPojazd`, `NUMER_REJESTRACYJNY`, `RODZAJ`, `DATA_OSTATNIEGO_PRZEGLADU`, `STAN_TECHNICZNY`) VALUES (10, 'DBL GAJ1', 'BUS', '12.08.2017', 'POTRZEBNY PRZEGLAD');
COMMIT;
-- -----------------------------------------------------
-- Data for table `zaklad_transportowy`.`Kontakt`
-- -----------------------------------------------------
START TRANSACTION;
USE `zaklad_transportowy`;
INSERT INTO `zaklad_transportowy`.`Kontakt` (`idKontakt`, `NUMER_TELEFONU`, `EMAIL`) VALUES (1, '786108276', 'janusznosal@wp.pl');
INSERT INTO `zaklad_transportowy`.`Kontakt` (`idKontakt`, `NUMER_TELEFONU`, `EMAIL`) VALUES (2, '784391872', 'kamilnowak@wp.pl');
INSERT INTO `zaklad_transportowy`.`Kontakt` (`idKontakt`, `NUMER_TELEFONU`, `EMAIL`) VALUES (3, '609874192', 'aniajaka@gmail.com');
INSERT INTO `zaklad_transportowy`.`Kontakt` (`idKontakt`, `NUMER_TELEFONU`, `EMAIL`) VALUES (4, '781092876', 'edziamala@o2.pl');
INSERT INTO `zaklad_transportowy`.`Kontakt` (`idKontakt`, `NUMER_TELEFONU`, `EMAIL`) VALUES (5, '673109876', 'janekzielen@wp.pl');
INSERT INTO `zaklad_transportowy`.`Kontakt` (`idKontakt`, `NUMER_TELEFONU`, `EMAIL`) VALUES (6, '887209187', 'white2115@najlepszy.com');
INSERT INTO `zaklad_transportowy`.`Kontakt` (`idKontakt`, `NUMER_TELEFONU`, `EMAIL`) VALUES (7, '765109872', 'adispola@wp.pl');
INSERT INTO `zaklad_transportowy`.`Kontakt` (`idKontakt`, `NUMER_TELEFONU`, `EMAIL`) VALUES (8, '888109882', 'kubawit@op.pl');
INSERT INTO `zaklad_transportowy`.`Kontakt` (`idKontakt`, `NUMER_TELEFONU`, `EMAIL`) VALUES (9, '761998201', 'kornelekczlek@gmail.com');
INSERT INTO `zaklad_transportowy`.`Kontakt` (`idKontakt`, `NUMER_TELEFONU`, `EMAIL`) VALUES (10, '669109283', 'kamilwalczyk@gmail.com');
INSERT INTO `zaklad_transportowy`.`Kontakt` (`idKontakt`, `NUMER_TELEFONU`, `EMAIL`) VALUES (11, '605918230', 'lukaszburczy@gmail.com');
INSERT INTO `zaklad_transportowy`.`Kontakt` (`idKontakt`, `NUMER_TELEFONU`, `EMAIL`) VALUES (12, '600034128', 'jacusplacus@op.pl');
INSERT INTO `zaklad_transportowy`.`Kontakt` (`idKontakt`, `NUMER_TELEFONU`, `EMAIL`) VALUES (14, '765108287', 'damianrosja@gmail.com');
INSERT INTO `zaklad_transportowy`.`Kontakt` (`idKontakt`, `NUMER_TELEFONU`, `EMAIL`) VALUES (13, '569109280', 'adaskrol@wp.pl');
INSERT INTO `zaklad_transportowy`.`Kontakt` (`idKontakt`, `NUMER_TELEFONU`, `EMAIL`) VALUES (15, '604753918', 'agakrolik12@wp.pl');
INSERT INTO `zaklad_transportowy`.`Kontakt` (`idKontakt`, `NUMER_TELEFONU`, `EMAIL`) VALUES (16, '888666555', 'kowalkowalaa@wp.pl');
INSERT INTO `zaklad_transportowy`.`Kontakt` (`idKontakt`, `NUMER_TELEFONU`, `EMAIL`) VALUES (17, '607392189', NULL);
INSERT INTO `zaklad_transportowy`.`Kontakt` (`idKontakt`, `NUMER_TELEFONU`, `EMAIL`) VALUES (18, '698781979', 'zolikzolik@firmadobra.pl');
INSERT INTO `zaklad_transportowy`.`Kontakt` (`idKontakt`, `NUMER_TELEFONU`, `EMAIL`) VALUES (19, '989301837', 'wojciechmarsjanin@gmail.com');
INSERT INTO `zaklad_transportowy`.`Kontakt` (`idKontakt`, `NUMER_TELEFONU`, `EMAIL`) VALUES (20, '887909739', 'sebo@lysy.pl');
INSERT INTO `zaklad_transportowy`.`Kontakt` (`idKontakt`, `NUMER_TELEFONU`, `EMAIL`) VALUES (21, '888771083', 'szczyty@gory.com');
INSERT INTO `zaklad_transportowy`.`Kontakt` (`idKontakt`, `NUMER_TELEFONU`, `EMAIL`) VALUES (22, '666826398', 'beautyandthebeast@disney.pl');
INSERT INTO `zaklad_transportowy`.`Kontakt` (`idKontakt`, `NUMER_TELEFONU`, `EMAIL`) VALUES (23, '787979797', 'natallii@wp.pl');
INSERT INTO `zaklad_transportowy`.`Kontakt` (`idKontakt`, `NUMER_TELEFONU`, `EMAIL`) VALUES (24, '998808387', 'sowagrzes@las.pl');
INSERT INTO `zaklad_transportowy`.`Kontakt` (`idKontakt`, `NUMER_TELEFONU`, `EMAIL`) VALUES (25, '786766662', 'siedzenie@fotel.com');
INSERT INTO `zaklad_transportowy`.`Kontakt` (`idKontakt`, `NUMER_TELEFONU`, `EMAIL`) VALUES (26, '878787878', 'robertjanowski@metro.pl');
INSERT INTO `zaklad_transportowy`.`Kontakt` (`idKontakt`, `NUMER_TELEFONU`, `EMAIL`) VALUES (27, '998899889', 'kasiagroniec@metro.pl');
INSERT INTO `zaklad_transportowy`.`Kontakt` (`idKontakt`, `NUMER_TELEFONU`, `EMAIL`) VALUES (28, '717273774', 'pajac@cyrknakolkach.pl');
INSERT INTO `zaklad_transportowy`.`Kontakt` (`idKontakt`, `NUMER_TELEFONU`, `EMAIL`) VALUES (29, '887766554', 'placek@jacek.wpl');
INSERT INTO `zaklad_transportowy`.`Kontakt` (`idKontakt`, `NUMER_TELEFONU`, `EMAIL`) VALUES (30, '645327101', 'kasiabylamadra@plot.pl');
COMMIT;
-- -----------------------------------------------------
-- Data for table `zaklad_transportowy`.`Klient`
-- -----------------------------------------------------
START TRANSACTION;
USE `zaklad_transportowy`;
INSERT INTO `zaklad_transportowy`.`Klient` (`idKlient`, `idKontakt`, `IMIE`, `NAZWISKO`, `LOGIN`, `HASLO`, `OSTATNIE_LOGOWANIE`, `RODZAJ_KLIENTA`, `NAZWA_FIRMY`, `NIP`) VALUES (1, 15, 'Anna', 'Król', 'aniakrolik', 'annneczka', '20.01.2020', 'OSOBA FIZYCZNA', NULL, NULL);
INSERT INTO `zaklad_transportowy`.`Klient` (`idKlient`, `idKontakt`, `IMIE`, `NAZWISKO`, `LOGIN`, `HASLO`, `OSTATNIE_LOGOWANIE`, `RODZAJ_KLIENTA`, `NAZWA_FIRMY`, `NIP`) VALUES (2, 16, 'Agata', 'Kowal', 'agaciak', 'agiskowalik', '10.05.2020', 'OSOBA FIZYCZNA', NULL, NULL);
INSERT INTO `zaklad_transportowy`.`Klient` (`idKlient`, `idKontakt`, `IMIE`, `NAZWISKO`, `LOGIN`, `HASLO`, `OSTATNIE_LOGOWANIE`, `RODZAJ_KLIENTA`, `NAZWA_FIRMY`, `NIP`) VALUES (3, 17, 'Karolina', 'Skowronek', 'karaq0', 'kar019@', '14.01.2019', 'OSOBA FIZYCZNA', NULL, NULL);
INSERT INTO `zaklad_transportowy`.`Klient` (`idKlient`, `idKontakt`, `IMIE`, `NAZWISKO`, `LOGIN`, `HASLO`, `OSTATNIE_LOGOWANIE`, `RODZAJ_KLIENTA`, `NAZWA_FIRMY`, `NIP`) VALUES (4, 18, 'Partryk', 'Zolik', 'papis', 'patrykzol12', '13.01.2020', 'FIRMA', 'ZOZOL2109', '9871092871');
INSERT INTO `zaklad_transportowy`.`Klient` (`idKlient`, `idKontakt`, `IMIE`, `NAZWISKO`, `LOGIN`, `HASLO`, `OSTATNIE_LOGOWANIE`, `RODZAJ_KLIENTA`, `NAZWA_FIRMY`, `NIP`) VALUES (5, 19, 'Wojtek', 'Mars', 'maRSIO', 'rsiomark', '12.11.2020', 'OSOBA FIZYCZNA', NULL, NULL);
INSERT INTO `zaklad_transportowy`.`Klient` (`idKlient`, `idKontakt`, `IMIE`, `NAZWISKO`, `LOGIN`, `HASLO`, `OSTATNIE_LOGOWANIE`, `RODZAJ_KLIENTA`, `NAZWA_FIRMY`, `NIP`) VALUES (6, 20, 'Sebastian', 'Wasiak', 'wasioaseba', 'seba34', '09.09.2020', 'OSOBA FIZYCZNA', NULL, NULL);
INSERT INTO `zaklad_transportowy`.`Klient` (`idKlient`, `idKontakt`, `IMIE`, `NAZWISKO`, `LOGIN`, `HASLO`, `OSTATNIE_LOGOWANIE`, `RODZAJ_KLIENTA`, `NAZWA_FIRMY`, `NIP`) VALUES (7, 21, 'Radosław', 'Góra', 'gorekradek', 'szczyty', '12.03.2019', 'OSOBA FIZYCZNA', NULL, NULL);
INSERT INTO `zaklad_transportowy`.`Klient` (`idKlient`, `idKontakt`, `IMIE`, `NAZWISKO`, `LOGIN`, `HASLO`, `OSTATNIE_LOGOWANIE`, `RODZAJ_KLIENTA`, `NAZWA_FIRMY`, `NIP`) VALUES (8, 22, 'Filip', 'Bestia', 'beastfifi', 'fifrk123', '22.06.2020', 'OSOBA FIZYCZNA', NULL, NULL);
INSERT INTO `zaklad_transportowy`.`Klient` (`idKlient`, `idKontakt`, `IMIE`, `NAZWISKO`, `LOGIN`, `HASLO`, `OSTATNIE_LOGOWANIE`, `RODZAJ_KLIENTA`, `NAZWA_FIRMY`, `NIP`) VALUES (9, 23, 'Natalia', 'Karawanik', 'karolik', 'kora451', '12.12.2019', 'FIRMA', 'Koraliki Natalci', '1982001982');
INSERT INTO `zaklad_transportowy`.`Klient` (`idKlient`, `idKontakt`, `IMIE`, `NAZWISKO`, `LOGIN`, `HASLO`, `OSTATNIE_LOGOWANIE`, `RODZAJ_KLIENTA`, `NAZWA_FIRMY`, `NIP`) VALUES (10, 24, 'Grzegorz', 'Sówka', 'skkawegrz', 'grzesiuskk', '02.02.2018', 'FIRMA', 'Sowa 09', '1028792910');
INSERT INTO `zaklad_transportowy`.`Klient` (`idKlient`, `idKontakt`, `IMIE`, `NAZWISKO`, `LOGIN`, `HASLO`, `OSTATNIE_LOGOWANIE`, `RODZAJ_KLIENTA`, `NAZWA_FIRMY`, `NIP`) VALUES (11, 25, 'Marian', 'Fotel', 'krzeslomarys', 'mariansiedzenie', '06.04.2020', 'OSOBA FIZYCZNA', NULL, NULL);
INSERT INTO `zaklad_transportowy`.`Klient` (`idKlient`, `idKontakt`, `IMIE`, `NAZWISKO`, `LOGIN`, `HASLO`, `OSTATNIE_LOGOWANIE`, `RODZAJ_KLIENTA`, `NAZWA_FIRMY`, `NIP`) VALUES (12, 26, 'Robert', 'Janowski', 'robcio', 'metro', '09.08.2019', 'FIRMA ', 'A JA NIE, PO PROSTU NIE ', '1973901903');
INSERT INTO `zaklad_transportowy`.`Klient` (`idKlient`, `idKontakt`, `IMIE`, `NAZWISKO`, `LOGIN`, `HASLO`, `OSTATNIE_LOGOWANIE`, `RODZAJ_KLIENTA`, `NAZWA_FIRMY`, `NIP`) VALUES (13, 27, 'Katarzyna ', 'Groniec', 'kaskabaska', 'metro42', '08.12.2019', 'FIRMA', 'TAFLA SZKŁA', '1028662891');
INSERT INTO `zaklad_transportowy`.`Klient` (`idKlient`, `idKontakt`, `IMIE`, `NAZWISKO`, `LOGIN`, `HASLO`, `OSTATNIE_LOGOWANIE`, `RODZAJ_KLIENTA`, `NAZWA_FIRMY`, `NIP`) VALUES (14, 28, 'Daniel', 'Pajac', 'cyrkicyki', 'cykadyDAniela', '14.12.2018', 'FIRMA', 'CYRK NA KÓŁKACH', '0381719374');
INSERT INTO `zaklad_transportowy`.`Klient` (`idKlient`, `idKontakt`, `IMIE`, `NAZWISKO`, `LOGIN`, `HASLO`, `OSTATNIE_LOGOWANIE`, `RODZAJ_KLIENTA`, `NAZWA_FIRMY`, `NIP`) VALUES (15, 29, 'Jacek', 'Placek', 'naOlejuMamaKrzyczy', 'StojZlodzieju', '28.02.2019', 'FIRMA', 'TŁUSZCZ I SMALEC', '9462810181');
INSERT INTO `zaklad_transportowy`.`Klient` (`idKlient`, `idKontakt`, `IMIE`, `NAZWISKO`, `LOGIN`, `HASLO`, `OSTATNIE_LOGOWANIE`, `RODZAJ_KLIENTA`, `NAZWA_FIRMY`, `NIP`) VALUES (16, 30, 'Katarzyna', 'Mądra', 'bylaidziurewplocie', 'wywiercila', '13.09.2019', 'OSOBA FIZYCZNA', NULL, NULL);
COMMIT;
-- -----------------------------------------------------
-- Data for table `zaklad_transportowy`.`Pracownik`
-- -----------------------------------------------------
START TRANSACTION;
USE `zaklad_transportowy`;
INSERT INTO `zaklad_transportowy`.`Pracownik` (`idPracownik`, `idKontakt`, `idKierownik`, `IMIE`, `NAZWISKO`, `LOGIN`, `HASLO`, `UPRAWNIENIA`, `PENSJA`, `DATA_ZATRUDNIENIA`) VALUES (1, 1, NULL, 'Janusz', 'Nosal', 'nosaljanek23', 'JANNOS3', 'WLASCICIEL', 10000, '01.01.2009');
INSERT INTO `zaklad_transportowy`.`Pracownik` (`idPracownik`, `idKontakt`, `idKierownik`, `IMIE`, `NAZWISKO`, `LOGIN`, `HASLO`, `UPRAWNIENIA`, `PENSJA`, `DATA_ZATRUDNIENIA`) VALUES (2, 2, 2, 'Kamil', 'Nowak', 'komilnow', 'Joma23', 'MECHANIK', 3000, '03.05.2010');
INSERT INTO `zaklad_transportowy`.`Pracownik` (`idPracownik`, `idKontakt`, `idKierownik`, `IMIE`, `NAZWISKO`, `LOGIN`, `HASLO`, `UPRAWNIENIA`, `PENSJA`, `DATA_ZATRUDNIENIA`) VALUES (3, 3, 1, 'Anna', 'Jakaś', 'jakaanna', 'annajaka', 'KIEROWNIK', 5000, '13.04.2011');
INSERT INTO `zaklad_transportowy`.`Pracownik` (`idPracownik`, `idKontakt`, `idKierownik`, `IMIE`, `NAZWISKO`, `LOGIN`, `HASLO`, `UPRAWNIENIA`, `PENSJA`, `DATA_ZATRUDNIENIA`) VALUES (4, 4, 2, 'Edyta', 'Wilk', 'wilkaaaD', 'EWilka', 'MECHANIK', 4000, '14.05.2018');
INSERT INTO `zaklad_transportowy`.`Pracownik` (`idPracownik`, `idKontakt`, `idKierownik`, `IMIE`, `NAZWISKO`, `LOGIN`, `HASLO`, `UPRAWNIENIA`, `PENSJA`, `DATA_ZATRUDNIENIA`) VALUES (5, 5, 2, 'Jan', 'Zielony', 'zielonek32', 'zielenmoimkolorem', 'KIEROWCA', 3500, '03.02.2017');
INSERT INTO `zaklad_transportowy`.`Pracownik` (`idPracownik`, `idKontakt`, `idKierownik`, `IMIE`, `NAZWISKO`, `LOGIN`, `HASLO`, `UPRAWNIENIA`, `PENSJA`, `DATA_ZATRUDNIENIA`) VALUES (6, 6, 2, 'Tomasz', 'Białas', 'lyseczolo10101', 'bialaglowa23', 'KIEROWCA', 3600, '01.01.2013');
INSERT INTO `zaklad_transportowy`.`Pracownik` (`idPracownik`, `idKontakt`, `idKierownik`, `IMIE`, `NAZWISKO`, `LOGIN`, `HASLO`, `UPRAWNIENIA`, `PENSJA`, `DATA_ZATRUDNIENIA`) VALUES (7, 7, 2, 'Adrian', 'Opał', 'adisopala', 'opal56', 'KIEROWCA', 2000, '03.11.2020');
INSERT INTO `zaklad_transportowy`.`Pracownik` (`idPracownik`, `idKontakt`, `idKierownik`, `IMIE`, `NAZWISKO`, `LOGIN`, `HASLO`, `UPRAWNIENIA`, `PENSJA`, `DATA_ZATRUDNIENIA`) VALUES (8, 8, 2, 'Jakub', 'Witkos', 'witkacy10', 'witkos20', 'KIEROWCA', 4100, '01.03.2009');
INSERT INTO `zaklad_transportowy`.`Pracownik` (`idPracownik`, `idKontakt`, `idKierownik`, `IMIE`, `NAZWISKO`, `LOGIN`, `HASLO`, `UPRAWNIENIA`, `PENSJA`, `DATA_ZATRUDNIENIA`) VALUES (9, 9, 2, 'Kornel', 'Człowiek', 'humanre', 'aimhman', 'KIEROWCA', 3600, '14.01.2005');
INSERT INTO `zaklad_transportowy`.`Pracownik` (`idPracownik`, `idKontakt`, `idKierownik`, `IMIE`, `NAZWISKO`, `LOGIN`, `HASLO`, `UPRAWNIENIA`, `PENSJA`, `DATA_ZATRUDNIENIA`) VALUES (10, 10, 2, 'Kamil', 'Walak', 'walekaa', 'kamil222', 'KIEROWCA', 2800, '13.12.2017');
INSERT INTO `zaklad_transportowy`.`Pracownik` (`idPracownik`, `idKontakt`, `idKierownik`, `IMIE`, `NAZWISKO`, `LOGIN`, `HASLO`, `UPRAWNIENIA`, `PENSJA`, `DATA_ZATRUDNIENIA`) VALUES (11, 11, 2, 'Łukasz', 'Burczyk', 'bbuuela', 'burdyn@30', 'KIEROWCA', 3000, '15.10.2018');
INSERT INTO `zaklad_transportowy`.`Pracownik` (`idPracownik`, `idKontakt`, `idKierownik`, `IMIE`, `NAZWISKO`, `LOGIN`, `HASLO`, `UPRAWNIENIA`, `PENSJA`, `DATA_ZATRUDNIENIA`) VALUES (12, 12, 2, 'Jacek', 'Ucho', 'uszypszczola', 'nosuchopieta', 'KIEROWCA', 4200, '01.03.2010');
INSERT INTO `zaklad_transportowy`.`Pracownik` (`idPracownik`, `idKontakt`, `idKierownik`, `IMIE`, `NAZWISKO`, `LOGIN`, `HASLO`, `UPRAWNIENIA`, `PENSJA`, `DATA_ZATRUDNIENIA`) VALUES (13, 13, 2, 'Adam', 'Wpisany', 'wpisanyzostal', 'wpisalemsiesam', 'KIEROWCA', 3200, '04.04.2014');
INSERT INTO `zaklad_transportowy`.`Pracownik` (`idPracownik`, `idKontakt`, `idKierownik`, `IMIE`, `NAZWISKO`, `LOGIN`, `HASLO`, `UPRAWNIENIA`, `PENSJA`, `DATA_ZATRUDNIENIA`) VALUES (14, 14, 2, 'Damian', 'Rusek', 'ruskiczlowiek', 'nastepnyde', 'KIEROWCA', 5000, '01.01.2011');
COMMIT;
-- -----------------------------------------------------
-- Data for table `zaklad_transportowy`.`Zamowienie`
-- -----------------------------------------------------
START TRANSACTION;
USE `zaklad_transportowy`;
INSERT INTO `zaklad_transportowy`.`Zamowienie` (`idZamowienie`, `idKlient`, `idPojazd`, `STATUS`, `DATA_ZLOZENIA`, `DATA_REALIZACJI`, `CENA`, `CZY_ZAPLACONO`) VALUES (1, 4, 3, 'ZREALIZOWANO', '20.09.10', '20.10.11', 109.29, 'TAK');
INSERT INTO `zaklad_transportowy`.`Zamowienie` (`idZamowienie`, `idKlient`, `idPojazd`, `STATUS`, `DATA_ZLOZENIA`, `DATA_REALIZACJI`, `CENA`, `CZY_ZAPLACONO`) VALUES (2, 4, 9, 'W TRAKCIE', '20.09.20', '20.11.18', 210.09, 'NIE');
INSERT INTO `zaklad_transportowy`.`Zamowienie` (`idZamowienie`, `idKlient`, `idPojazd`, `STATUS`, `DATA_ZLOZENIA`, `DATA_REALIZACJI`, `CENA`, `CZY_ZAPLACONO`) VALUES (3, 2, 1, 'ZREALIZOWANO', '19.08.09', '20.01.14', 300.10, 'TAK');
INSERT INTO `zaklad_transportowy`.`Zamowienie` (`idZamowienie`, `idKlient`, `idPojazd`, `STATUS`, `DATA_ZLOZENIA`, `DATA_REALIZACJI`, `CENA`, `CZY_ZAPLACONO`) VALUES (4, 15, 4, 'ZLOZONO', '20.06.25', '20.12.21', 100.59, 'NIE');
INSERT INTO `zaklad_transportowy`.`Zamowienie` (`idZamowienie`, `idKlient`, `idPojazd`, `STATUS`, `DATA_ZLOZENIA`, `DATA_REALIZACJI`, `CENA`, `CZY_ZAPLACONO`) VALUES (5, 13, 10, 'ZREALIZOWANO', '15.06.19', '15.07.23', 500.89, 'TAK');
INSERT INTO `zaklad_transportowy`.`Zamowienie` (`idZamowienie`, `idKlient`, `idPojazd`, `STATUS`, `DATA_ZLOZENIA`, `DATA_REALIZACJI`, `CENA`, `CZY_ZAPLACONO`) VALUES (6, 1, 4, 'ZREALIZOWANO', '20.09.15', '20.10.05', 897.10, 'TAK');
INSERT INTO `zaklad_transportowy`.`Zamowienie` (`idZamowienie`, `idKlient`, `idPojazd`, `STATUS`, `DATA_ZLOZENIA`, `DATA_REALIZACJI`, `CENA`, `CZY_ZAPLACONO`) VALUES (7, 10, 6, 'W TRAKCIE', '20.10.01', '20.11.19', 1000.89, 'NIE');
COMMIT;
-- -----------------------------------------------------
-- Data for table `zaklad_transportowy`.`Rozliczenie`
-- -----------------------------------------------------
START TRANSACTION;
USE `zaklad_transportowy`;
INSERT INTO `zaklad_transportowy`.`Rozliczenie` (`idRozliczenie`, `idZamowienie`, `FORMA_ROZLICZENIA`, `FORMA_PLATNOSCI`, `DATA_ROZLICZENIA`, `BRUTTO`, `NETTO`, `VAT`) VALUES (1, 1, 'PARAGON', 'GOTOWKA', (SELECT `DATA_REALIZACJI` FROM `Zamowienie` WHERE `idZamowienie` = 1),
								 (SELECT `CENA` FROM `Zamowienie` WHERE `idZamowienie` = 1), netto(`BRUTTO`), vat(`BRUTTO`));
INSERT INTO `zaklad_transportowy`.`Rozliczenie` (`idRozliczenie`, `idZamowienie`, `FORMA_ROZLICZENIA`, `FORMA_PLATNOSCI`, `DATA_ROZLICZENIA`, `BRUTTO`, `NETTO`, `VAT`) VALUES (2, 3, 'PARAGON', 'KARTA PLATNICZA', (SELECT `DATA_REALIZACJI` FROM `Zamowienie` WHERE `idZamowienie` = 3), 
								 (SELECT `CENA` FROM `Zamowienie` WHERE `idZamowienie` = 3), netto(`BRUTTO`), vat(`BRUTTO`));
INSERT INTO `zaklad_transportowy`.`Rozliczenie` (`idRozliczenie`, `idZamowienie`, `FORMA_ROZLICZENIA`, `FORMA_PLATNOSCI`, `DATA_ROZLICZENIA`, `BRUTTO`, `NETTO`, `VAT`) VALUES (3, 5, 'FAKTURA', 'PRZELEW', (SELECT `DATA_REALIZACJI` FROM `Zamowienie` WHERE `idZamowienie` = 5),
								 (SELECT `CENA` FROM `Zamowienie` WHERE `idZamowienie` = 5), netto(`BRUTTO`), vat(`BRUTTO`));
INSERT INTO `zaklad_transportowy`.`Rozliczenie` (`idRozliczenie`, `idZamowienie`, `FORMA_ROZLICZENIA`, `FORMA_PLATNOSCI`, `DATA_ROZLICZENIA`, `BRUTTO`, `NETTO`, `VAT`) VALUES (4, 6, 'PARAGON', 'GOTOWKA', (SELECT `DATA_REALIZACJI` FROM `Zamowienie` WHERE `idZamowienie` = 6),
							     (SELECT `CENA` FROM `Zamowienie` WHERE `idZamowienie` = 6), netto(`BRUTTO`), vat(`BRUTTO`));
COMMIT;
-- -----------------------------------------------------
-- Data for table `zaklad_transportowy`.`Pracownik_Pojazd`
-- -----------------------------------------------------
START TRANSACTION;
USE `zaklad_transportowy`;
INSERT INTO `zaklad_transportowy`.`Pracownik_Pojazd` (`idPracownik_Pojazd`, `idPojazd`, `idPracownik`) VALUES (1, 4, 5);
INSERT INTO `zaklad_transportowy`.`Pracownik_Pojazd` (`idPracownik_Pojazd`, `idPojazd`, `idPracownik`) VALUES (2, 6, 5);
INSERT INTO `zaklad_transportowy`.`Pracownik_Pojazd` (`idPracownik_Pojazd`, `idPojazd`, `idPracownik`) VALUES (3, 7, 5);
INSERT INTO `zaklad_transportowy`.`Pracownik_Pojazd` (`idPracownik_Pojazd`, `idPojazd`, `idPracownik`) VALUES (4, 8, 5);
INSERT INTO `zaklad_transportowy`.`Pracownik_Pojazd` (`idPracownik_Pojazd`, `idPojazd`, `idPracownik`) VALUES (5, 4, 6);
INSERT INTO `zaklad_transportowy`.`Pracownik_Pojazd` (`idPracownik_Pojazd`, `idPojazd`, `idPracownik`) VALUES (6, 6, 6);
INSERT INTO `zaklad_transportowy`.`Pracownik_Pojazd` (`idPracownik_Pojazd`, `idPojazd`, `idPracownik`) VALUES (7, 7, 6);
INSERT INTO `zaklad_transportowy`.`Pracownik_Pojazd` (`idPracownik_Pojazd`, `idPojazd`, `idPracownik`) VALUES (8, 8, 6);
INSERT INTO `zaklad_transportowy`.`Pracownik_Pojazd` (`idPracownik_Pojazd`, `idPojazd`, `idPracownik`) VALUES (9, 1, 7);
INSERT INTO `zaklad_transportowy`.`Pracownik_Pojazd` (`idPracownik_Pojazd`, `idPojazd`, `idPracownik`) VALUES (10, 2, 7);
INSERT INTO `zaklad_transportowy`.`Pracownik_Pojazd` (`idPracownik_Pojazd`, `idPojazd`, `idPracownik`) VALUES (11, 10, 7);
INSERT INTO `zaklad_transportowy`.`Pracownik_Pojazd` (`idPracownik_Pojazd`, `idPojazd`, `idPracownik`) VALUES (12, 3, 8);
INSERT INTO `zaklad_transportowy`.`Pracownik_Pojazd` (`idPracownik_Pojazd`, `idPojazd`, `idPracownik`) VALUES (13, 5, 8);
INSERT INTO `zaklad_transportowy`.`Pracownik_Pojazd` (`idPracownik_Pojazd`, `idPojazd`, `idPracownik`) VALUES (14, 9, 8);
INSERT INTO `zaklad_transportowy`.`Pracownik_Pojazd` (`idPracownik_Pojazd`, `idPojazd`, `idPracownik`) VALUES (15, 3, 10);
INSERT INTO `zaklad_transportowy`.`Pracownik_Pojazd` (`idPracownik_Pojazd`, `idPojazd`, `idPracownik`) VALUES (16, 1, 10);
INSERT INTO `zaklad_transportowy`.`Pracownik_Pojazd` (`idPracownik_Pojazd`, `idPojazd`, `idPracownik`) VALUES (17, 2, 10);
INSERT INTO `zaklad_transportowy`.`Pracownik_Pojazd` (`idPracownik_Pojazd`, `idPojazd`, `idPracownik`) VALUES (18, 3, 11);
INSERT INTO `zaklad_transportowy`.`Pracownik_Pojazd` (`idPracownik_Pojazd`, `idPojazd`, `idPracownik`) VALUES (19, 4, 11);
INSERT INTO `zaklad_transportowy`.`Pracownik_Pojazd` (`idPracownik_Pojazd`, `idPojazd`, `idPracownik`) VALUES (20, 1, 12);
INSERT INTO `zaklad_transportowy`.`Pracownik_Pojazd` (`idPracownik_Pojazd`, `idPojazd`, `idPracownik`) VALUES (21, 2, 12);
INSERT INTO `zaklad_transportowy`.`Pracownik_Pojazd` (`idPracownik_Pojazd`, `idPojazd`, `idPracownik`) VALUES (22, 10, 12);
INSERT INTO `zaklad_transportowy`.`Pracownik_Pojazd` (`idPracownik_Pojazd`, `idPojazd`, `idPracownik`) VALUES (23, 5, 12);
INSERT INTO `zaklad_transportowy`.`Pracownik_Pojazd` (`idPracownik_Pojazd`, `idPojazd`, `idPracownik`) VALUES (24, 9, 12);
INSERT INTO `zaklad_transportowy`.`Pracownik_Pojazd` (`idPracownik_Pojazd`, `idPojazd`, `idPracownik`) VALUES (25, 6, 13);
INSERT INTO `zaklad_transportowy`.`Pracownik_Pojazd` (`idPracownik_Pojazd`, `idPojazd`, `idPracownik`) VALUES (26, 3, 14);
COMMIT;
-- -----------------------------------------------------
-- Data for table `zaklad_transportowy`.`Pojazd`
-- -----------------------------------------------------
START TRANSACTION;
USE `zaklad_transportowy`;
INSERT INTO `zaklad_transportowy`.`Raport` (`idRaport`, `idPracownik`, `idZamowienie`) VALUES (1, 2, 1);
INSERT INTO `zaklad_transportowy`.`Raport` (`idRaport`, `idPracownik`, `idZamowienie`) VALUES (2, 3, 2);
INSERT INTO `zaklad_transportowy`.`Raport` (`idRaport`, `idPracownik`, `idZamowienie`) VALUES (3, 4, 3);
INSERT INTO `zaklad_transportowy`.`Raport` (`idRaport`, `idPracownik`, `idZamowienie`) VALUES (4, 5, 4);
INSERT INTO `zaklad_transportowy`.`Raport` (`idRaport`, `idPracownik`, `idZamowienie`) VALUES (5, 6, 5);
INSERT INTO `zaklad_transportowy`.`Raport` (`idRaport`, `idPracownik`, `idZamowienie`) VALUES (6, 7, 6);
INSERT INTO `zaklad_transportowy`.`Raport` (`idRaport`, `idPracownik`, `idZamowienie`) VALUES (7, 8, 7);
COMMIT;
